Business Name,Category,Rating,Number of Reviews,Phone Number,Address,Operating Hours
Newedge Realty Pvt. Ltd.,Real estate consultant,4.9,(615),,"Platinum Plaza, 212-214, opp. IOC Petrol Pump, Bodakdev, Ahmedabad, Gujarat 380054","Closed ⋅ Opens 9:30 am Wed"
Somish Realty Pvt Ltd,Real estate agency,4.9,(195),,"H-510,Titanium City Center, 100 feet Anandnagar Road, Jodhpur, Satellite, Ahmedabad, Gujarat 380015","Closes soon ⋅ 9 pm ⋅ Opens 9 am Wed"
Sukhdham Real Estate Agency,Real estate agent,4.6,(57),"098250 08146","B/901, Titanium Square, Nr. Thaltej Circle, S G Road, Ahmedabad, Gujarat 380054","Closed ⋅ Opens 10 am Wed"
Disha Estate Management,Real estate agent,4.8,(238),,"The First,B/H, Keshavbaug Party Plot, D-1106, Disha Estate Management, nr. Shivalik Highstreet, Vastrapur, Ahmedabad, Gujarat 380015","Closed ⋅ Opens 10 am Wed"
Sharda Space Adviser Pvt. Ltd. | Best Real Estate Agent in Ahmedabad,Real estate agency,4.9,(108),,"109 Abhishree Adroit, Judges Bunglow Rd, Vastrapur, Ahmedabad, Gujarat 380015","Closed ⋅ Opens 9 am Wed"
Raval Real Estate - Flat on Rent,Real estate agency,4.8,(104),"070168 68070","18, Chiranjiv complex, Mahalaxmi Five Rd, opposite Nakshtra Flat, Paldi, Ahmedabad, Gujarat 380007","Closed ⋅ Opens 9 am Wed"
RES Management,Commercial real estate agency,4.9,(342),,"525, Shivalik Shilp Iscon Cross Road, Sarkhej - Gandhinagar Hwy, Ahmedabad, Gujarat 380015","Closed ⋅ Opens 10 am Wed"
The Real Estate CONNECT,Real estate agency,4.8,(125),,"BSquare II, Near Doubletree by Hilton, 302-303, Ambli Rd, Ahmedabad, Gujarat 380054",N/A
Chamunda Estate Broker,Real estate agent,4.9,(91),,"Vaikunth Shopping Center, Nikol - Naroda Rd, nr. Raspan Cross Road, New India Colony, B/H, Nikol, Ahmedabad, Gujarat 382350","Closed ⋅ Opens 9 am Wed"
Ashwamegh Realty,Real estate agency,5.0,(141),,"FF-112, Shasan Complex, Satellite Rd, opp. Axis Bank, Jodhpur Village, Ahmedabad, Gujarat 380015","Closed ⋅ Opens 10 am Wed"
HOUSE 4 YOU REALTYÂ®ï¸,Real estate agent,4.9,(237),"098980 81848","5 Navniddhi Complex, Swami Vivekanand Marg, near A-One School, Memnagar, Ahmedabad, Gujarat 380052","Closed â‹… Opens 10â€¯am Wed Confirmed by phone call 1 week ago"
Divya Estate Management | Warehouse for Rent & Lease | Industrial Shed for Rent & Lease | Land Consultant in Ahmedabad,Industrial real estate agency,5.0,(104),,"B – 1015, 1016, Sun Westbank, Ashram Rd, Vishalpur, Muslim Society, Navrangpura, Ahmedabad, Gujarat 380009",
News Realty | Real Estate Agency - Ahmedabad.,Real estate consultant,4.9,(42),"096622 77701","A 607, Ganesh Glory 11 Jagatpur Road, Sarkhej - Gandhinagar Hwy, Ahmedabad, Gujarat 380470","Closed ⋅ Opens 10 am Wed Updated by phone call 2 weeks ago"
R J Estate R J desai,Real estate consultant,4.9,(415),,"G-35, 1st floor, shalimar Complex, Mahalaxmi Five Rd, Paldi, Ahmedabad, Gujarat 380007","Closes soon ⋅ 10 pm ⋅ Opens 11 am Wed"
Prime Properties,Real estate agency,4.9,(235),,"Shop no B-16, SAGAR SANGEET COMPLEX, 1, Char Rasta, near Sagar Sangeet, Sola, Ahmedabad, Gujarat 380060","Closed ⋅ Opens 10 am Wed Updated by phone call 11 weeks ago"
Dhyaana Realty Advisory,Real estate agency,5.0,(149),N/A,"A 109 Infinity Tower, Corporate Rd, near Ramada Hotel Ahmedabad, Prahlad Nagar, Ahmedabad, Gujarat 380015","Closed ⋅ Opens 10 am Wed"
Shree Sai Real Estate & Consultancy,Real estate agent,4.9,(175),,"Vaisnodevi Circal, DEF 109 1st Floor Anand I LYF Near Vishnodevi Under Pass, To, Zundal - Tragad Rd, Ahmedabad, Gujarat 382470","Closed ⋅ Opens 10 am Wed"
Gurukrupa Real Estate (Top Real Estate Consultant In Ahmedabad),Real estate agent,5.0,(96),,"704, Maple Trade Centre, nr. Surdhara Circle, Thaltej, Ahmedabad, Gujarat 380054","Closed ⋅ Opens 9:30 am Wed"
Jalaram Developers & Real Estate Ahmedabad,Real estate consultant,5.0,(378),"084888 83483","C-601 ganesh glory-11 Sg highway, Gota - Jagatpur Rd, Ahmedabad, Gujarat 382470",N/A
Angeliance Real Estate,Real estate agency,4.0,(137),"095378 23462","Sargam Marg, Nehru Park, Mahavir Nagar society, Vastrapur, Ahmedabad, Gujarat 380015","Closed ⋅ Opens 10 am Wed"
Satnam Real Estate,Real estate agency,4.8,(17),,"901, Shivalik Satyamev, junction, opp. VAKIL SAHEB BRIDGE, South Bopal, Bopal, Ahmedabad, Gujarat 380058","Closed ⋅ Opens 10:30 am Wed"
Gurukrupa Real Estate (Top Real Estate Consultant In Ahmedabad),Real estate agent,5.0,(96),,"704, Maple Trade Centre, nr. Surdhara Circle, Thaltej, Ahmedabad, Gujarat 380054","Closed ⋅ Opens 9:30 am Wed"
BAVADIYA Realty LLP,Real estate agent,4.9,(138),N/A,"Nr. BSNL Office, Godrej Garden City Road, Office No :- E-1216/17, Ganesh Glory, 11, Sarkhej - Gandhinagar Hwy, Jagatpur, Ahmedabad, Gujarat 382481","Closed ⋅ Opens 9:30 am Wed"
Shree RadheKrishna real Estate(Karan Gohil),Real estate agent,5.0,(120),"095744 99239","Karishma Avenue, E/119, IOC Rd, nr. Sneh Plaza, Chandkheda, Ahmedabad, Gujarat 382424","Closed ⋅ Opens 10 am Wed"
One Stop Property | House/Office Buy - Sell - Rent,Real estate agent,4.6,(27),,"Samudra Complex, UL-33, Chimanlal Girdharlal Rd, near Girish Cold Drinks, Navrangpura, Ahmedabad, Gujarat 380009","Closed ⋅ Opens 10 am Wed"
CAPITALZ,Real estate agency,4.2,(129),N/A,"415, SUN Orbit, behind Rajpath Rangoli Road, PRL Colony, Bodakdev, Ahmedabad, Gujarat 380059","Closed ⋅ Opens 10 am Wed"
Tanishq Estate Management,Real estate consultant,5.0,(52),"098985 55546","f/f -7, Om Sailabh Complex, lake, Nr, opp. sanjivani Hospital, Vastrapur, Ahmedabad, Gujarat 380015","Closed ⋅ Opens 11 am Wed"
Om Estate Broker,Real estate agency,4.7,(68),"099748 07262","11, Under Nathalal Jhagadia Bridge, Mani Nagar Estate Rd, opposite Parimal Hospital, Maninagar, Ahmedabad, Gujarat 380008","Closed ⋅ Opens 10:30 am Wed"
Jalaram developers & Real Estate,Real estate agency,4.9,(117),,"Swarnim Square Block-B, SWARNIM SQUARE, 12, Malabar County Rd, Near Swarnim Square, Ahmedabad, Gujarat 382481","Open 24 hours"
Jalaram Developers & Real Estate Ahmedabad,Real estate consultant,5.0,(378),"084888 83483","C-601 ganesh glory-11 Sg highway, Gota - Jagatpur Rd, Ahmedabad, Gujarat 382470",N/A
Aditya Property,Real estate agency,4.6,(33),,"Iscon Emporio, 311, Jodhpur Char Rasta, nr. Star Bazaar, Satellite, Ahmedabad, Gujarat 380015","Closed ⋅ Opens 10 am Wed"
Anil Estate Management,Real estate consultant,5.0,(78),,"407, Gold Leaf, Chimanlal Girdharlal Rd, opposite Tomato Restaurant, Ahmedabad, Gujarat 380009","Closed ⋅ Opens 9 am Wed"
Home Management Real Estate Broker,Real estate agency,4.5,(34),,"405, Aditraj arcade, Prahlad Nagar Rd, Satellite, Ahmedabad, Gujarat 380015","Closed ⋅ Opens 9 am Wed"
"KRISHNA PROPERTY SOLUTION - Real Estate Agent Chandkeda, Ahmedabad",Real estate consultant,5.0,(64),,"Sarjan-1, New CG Rd, opp. SAKAR ENGLISH SCHOOL, Nigam Nagar, Chandkheda, Ahmedabad, Gujarat 382424",N/A
I'm Realtor,Real estate agency,5.0,(44),"085608 39253","Flat no. 7, 3rd floor, Jayanti Apartment Nilmani Society, Sterling hospital road, Gurukul, Memnagar, Ahmedabad, Gujarat 380052","Open 24 hours"
Sampatti Realtor,Real estate agent,5.0,(33),,"Trade Centre, B 109, PNTC ( Prahalad Nagar, Radio Mirchi Road, near Titanium City Centre, Satellite, Ahmedabad, Gujarat 380015","Closed ⋅ Opens 10:30 am Wed"
The Ideal Door Realty,Real estate agency,4.9,(30),N/A,"Avani Complex, Naranpura, Ahmedabad, Gujarat 380013","Closed ⋅ Opens 11 am Wed"
Khushi real estate,Real estate agent,4.2,(68),,"b-10,kavita shop,Opp. Shri Hari Park Shopping Centre gopivallabh tower,times of India, Times Of India Press Rd, Satellite, Ahmedabad, Gujarat 380015","Open ⋅ Closes 9 am Wed"
NPSingh Realty Private Limited,Real estate agent,4.9,(27),"086504 00011","Office No. 23, 4th Floor, 4D Square Mall, nr. PVR Cinema, Motera, Ahmedabad, Gujarat 380005","Closed ⋅ Opens 9:30 am Wed"
NG Management,Real estate consultant,5.0,(590),,"10,Anand Mangal Shopping Centre, Near Shyamal Row House-5, Opp. Kenyoug Apartment Ma Anandmayi Marg ManekbaghNehru NagarSatellite Ahmedabad Gujarat380015, Satellite Rd, Shyamal, Ahmedabad, Gujarat 380015",
SAVE Management,Real estate agent,4.8,(92),,"16th, Westgate, B-1609, Sarkhej - Gandhinagar Hwy, near YMCA Club, Makarba, Ahmedabad, Gujarat 380015",N/A
Krishna Realty,Real estate agency,5.0,(45),,"509, Money plant Hight, Street, Gota, Ahmedabad, Gujarat 382470","Closed ⋅ Opens 9 am Wed"
The Blossom Property,Real estate agency,4.4,(63),"097370 49193","206, Vithhal The Mall, New CG Rd, nr. Vishvakarma Collage, opp. ONGC Circle, Chandkheda, Ahmedabad, Gujarat 382424","Open 24 hours"
Property Panther | Premium Residential & Commercial Property Investment Consultant,Real estate consultant,5.0,(117),,"Shilp Epitome, 918, Rajpath Rangoli Rd, opposite Venus Orbit, Bodakdev, Ahmedabad, Gujarat 380054","Closed ⋅ Opens 10 am Wed"
Vital Space,Real estate agency,4.8,(389),,"1316-1317, Shilp Epitome, Sindhubhavan Rd, behind Rajpath Rangoli Road, opp. Orbit, Bodakdev, Ahmedabad, Gujarat 380054","Closes soon ⋅ 9 pm ⋅ Opens 10 am Wed"
Active Real Estate,Real estate agency,4.9,(18),"099250 02441","Shilp Corporate Park, B-1105, Rajpath Rangoli Rd, Thaltej, Ahmedabad, Gujarat 380054","Closed ⋅ Opens 10 am WedConfirmed by phone call 7 days ago"
Shree Sai Real Estate & Consultancy,Real estate agent,4.9,(175),"083200 24639","Vaisnodevi Circal, DEF 109 1st Floor Anand I LYF Near Vishnodevi Under Pass, To, Zundal - Tragad Rd, Ahmedabad, Gujarat 382470","Closed ⋅ Opens 10 am Wed"
Real Estate Pundits,Real estate consultant,5.0,(72),"063513 58410","11th Floor, Block-A, The First, B/H ITC Narmada, Vastrapur, Ahmedabad, Gujarat 380015","Closed ⋅ Opens 10 am Wed"
Viraya Realty,Real estate agency,5.0,(13),"098213 77645","730, Sun Gravitas, Shyamal Cross Rd, Rajmani Society, Shyamal, Ahmedabad, Gujarat 380015","Closed ⋅ Opens 10:30 am Wed"
Right Home,Real estate consultant,4.9,(62),"099242 23399","Office No.90, Shree Balaji Agora Mall, Tapovan Cir, Sughad, Ahmedabad, Gujarat 382424","Closed ⋅ Opens 10:30 am Wed"
Urban Realtor,Real estate consultant,5.0,(173),"091046 20252","605, shivalik Satyamev, Opp Vakil Saheb Bridge, Junction, Ambli - Bopal Rd, Bopal, Ahmedabad, Gujarat 380058","Closed ⋅ Opens 10 am Wed"
ANANT PROPERTIES,Real estate consultant,4.8,(191),"076981 87450","Karnavati Mega Mall 1, F-25, road, above Bank of Baroda, opp. Vishwa Electronic Showroom, Odhav, Vastral, Ahmedabad, Gujarat 382418","Closed ⋅ Opens 10 am Wed"
estatefrontiers,Real estate consultant,5.0,(40),"090992 11804","N 09 First Floor, Vandematram Arcade, Gota, Ahmedabad, Gujarat 382481","Closed ⋅ Opens 10 am Wed"
"Prime Real Estate - Property Broker In Bopal, Shilaj, Shela & Ahmedabad",Real estate consultant,4.9,(26),"098240 41302","C 317, CELEBRATION CITY CENTER, South Bopal, Bopal, Ahmedabad, Gujarat 380058","Closed ⋅ Opens 9 am Wed"
REAL ESTATE CONSULTANT / AGENT IN AHMEDABAD - SOUTH BOPAL,Real estate agency,4.6,(21),"098254 64630","317, GALA MAGNUS, nr. Safal Parisar Road, South Bopal, Bopal, Ahmedabad, Gujarat 380058","Open 24 hours"
PUSHP PROPERTY,Real estate consultant,4.9,(39),"079842 64768","16, Suryam Sky, nr. Karnavati maga mall, Odhav, Vastral, Ahmedabad, Gujarat 382418","Closed ⋅ Opens 9:30 am Wed Updated by phone call 9 weeks ago"
Alak Estate Management | Real Estate Broker in South Bopal,Real estate rental agency,4.6,(61),"097274 02403","Shop D 281, Sobo Center, South Bopal, Bopal, Ahmedabad, Gujarat 380058","Open 24 hours"
Arham Promoters - Commercial Property Broker Ahmedabad,Commercial real estate agency,4.7,(30),"097122 18188","526 Shivalik Shilp, Iscon Cross Roads, Sarkhej - Gandhinagar Hwy, Ahmedabad, Gujarat 380015","Closed ⋅ Opens 10 am Wed"
BOB Real Estate,Real estate agency,4.7,(25),,"FF - 103, shukan mall, Science City Rd, Sola, Ahmedabad, Gujarat 380060","Closed ⋅ Opens 9 am Wed Confirmed by phone call 8 weeks ago"
Govani Realty & Financial Services,Real estate agency,5.0,(22),"095868 88533","635, SIXTH FLOOR, Iscon Emporio, Jodhpur Cross Rd, near Star Bazaar, Satellite, Ahmedabad, Gujarat 380015","Closed ⋅ Opens 10 am Wed"
Rama Realty: Real Estate Consultant in Ahmedabad,Real estate agency,4.3,(56),,"708, Elite Magnum, Bhuyangdev Cross Road, Road, Sola, Ahmedabad, Gujarat 380061","Closed ⋅ Opens 10 am Wed"
Dravya Realty,Real estate consultant,5.0,(5),,"302, Sahajanand Complex Above Unique Group Tuition, Sona Cross Roads, New CG Rd, Chandkheda, Ahmedabad, Gujarat 382424","Closed ⋅ Opens 9 am Wed"
K B Real Estate,Real estate agency,4.9,(29),"070160 03354","Shop No 1/A, Uttarbhartiyanagar Society Sanjay Chok, Satyamnagar, Road, Amraiwadi, Ahmedabad, Gujarat 380026","Closes soon ⋅ 9 pm ⋅ Opens 9 am Wed"
"PIKORUA Realty - Ahmedabad, Mumbai, Dubai - Best & Most Trusted Luxury Real Estate Consultancy Firm",Real estate consultant,4.8,(28),,"Pikorua Realty, 707 Satyamev Elite Ambli T-junction, Ambli Bopal Road, Sardar Patel Ring Rd, Ahmedabad, Gujarat 380058",
Apna Realty,Commercial real estate agency,4.6,(23),,"Ghadiyali Complex, L17, Jawahar chowk, Balvatika, Maninagar, Ahmedabad, Gujarat 380008","Closed ⋅ Opens 9 am Wed"
Renavkar Real Estate,Real estate agent,4.8,(24),,"Mc Donalds Building, A-503 Safal Pegasus,100ft Road, Pralad Nagar, Corporate Rd, Prahlad Nagar, Ahmedabad, Gujarat 380051","Closed ⋅ Opens 10 am Wed"
Dhaara Estate Maninagar,Real estate agent,4.6,(10),,"14, mahalaxmi market, 1, Maninagar Cross Rd, opp. sales india, Balvatika, Maninagar, Ahmedabad, Gujarat 380008","Closed ⋅ Opens 10 am Wed"
Unison Realty,Real estate consultant,4.5,(8),"097234 50351","shop no 1/2, bootbhavani shoping, Unison Realty, opp. bootbhavani tempal, above TGB Cafe N Bakery, Vejalpur, Ahmedabad, Gujarat 380051","Open ⋅ Closes 10 pm"
Jay Mataji Reall Estate,Real estate consultant,5.0,(105),,"Office No. D, 158, Sneh Plaza Rd, near State Bank of India, Chandkheda, Ahmedabad, Gujarat 382424",N/A
Prestigious Realty,Real estate agency,4.7,(17),N/A,"Satyamev Elite, 1105, Ambli - Bopal Rd, opposite one world, South Bopal, Bopal, Ahmedabad, Gujarat 380058","Closed ⋅ Opens 10:30 am Wed"
Metro Real Estate,Industrial real estate agency,4.2,(40),,"10, Park Avenue, New CG Rd, near Aavkar Bunglows, Nigam Nagar, Chandkheda, Ahmedabad, Gujarat 382424","Closed ⋅ Opens 10 am Wed"
Shitla Estate Management,Real estate agency,5.0,(40),N/A,"313, 3 floor Swarnim Business Hub-1, Godrej Garden City, Chandkheda, Ahmedabad, Gujarat 382470","Closed ⋅ Opens 10 am Wed"
PEARL REALTY,Real estate agency,4.8,(31),,"Aarvi-156, B-327, Sun South Street SAFAL PARISAR 1 lane nr, South Bopal, Ahmedabad, Gujarat 380015","Closed ⋅ Opens 10 am Wed"
KARV REALTY,Real estate agency,5.0,(42),,"Swati Clover, Shilaj Circle, D 713, Sardar Patel Ring Rd, behind Taj hotel, Thaltej, Ahmedabad, Gujarat 380054","Closed ⋅ Opens 9:45 am Wed"
Urban Property Estate,Real estate agency,5.0,(73),"094846 43942","17- Nilgiri Appartment , B/H Gujrat High court , Sola Bhagwat Road, Sola, Ahmedabad, Gujarat 380060","Closed ⋅ Opens 9 am Wed"
"Veer Real Estate: Buy | Sell | Rent | Invest | Residential | Commercial | Property Management Company in Ahmedabad, Gujarat.",Real estate agency,4.7,(41),,"302, Shilp Corner, Gurukul Rd, nr. Subhash Chowk, Memnagar, Ahmedabad, Gujarat 380052",
X Realtors Pvt Ltd,Real estate agency,5.0,(25),"096870 98887","B1/605, WESTGATE BUSINESS BAY, Sarkhej - Gandhinagar Hwy, opposite Andaaz Party Plot, Makarba, Ahmedabad, Gujarat 380051","Closed ⋅ Opens 9 am Wed"
"Aegis Realtors -Best Real Estate Consultant in Ahmedabad, Gandhinagar, Gift City",Real estate agency,5.0,(22),,"707, Arista Business Space, Bodakdev, Ahmedabad, Gujarat 380054","Closes soon ⋅ 9 pm ⋅ Opens 10 am Wed"
"Future Realty Space -Warehouse On Rent, Industrial space for lease Ahmedabad",Industrial real estate agency,5.0,(39),,"SIDDHI VINAYAK TOWER, C-627, Sarkhej - Gandhinagar Hwy, near Kataria Arcade, Makarba, Ahmedabad, Gujarat 380051","Closed ⋅ Opens 10 am Wed"
True Connect Realty,Real estate agency,4.8,(31),,"E-609 Titanium City Centre, 100 Feet Rd, near New Income Tax Office, Ahmedabad, Gujarat 380015","Closed ⋅ Opens 10:30 am Wed"
Skyland Realty - Real estate broker in South Bopal-Ahmedabad,Real estate consultant,5.0,(17),N/A,"Aaron spectra, 508, Rajpath Rangoli Rd, near Rajpath Club, Bodakdev, Ahmedabad, Gujarat 380054","Open ⋅ Closes 10 pm"
Nine One Realty | Real Estate Consultant - Ahmedabad,Real estate consultant,5.0,(32),,"GANESH GLORY, 212, Jagatpur Rd, Gota, Ahmedabad, Gujarat 382481","Closed ⋅ Opens 9 am Wed"
Keshav Property Broker,Real estate agency,4.8,(28),"098256 05163","F-39 Karnavati Mega Mall, Above Bank of Baroda, opp. Vishwa Electronic Show Room, Vastral, Ahmedabad, Gujarat","Closed ⋅ Opens 9 am Wed"
"Lakshya Estate Management - Buy, Sell and Rent",Real estate agent,4.3,(10),,"313, Bhagirath icon, N.H.8, Aslali Road, opp. Old Narol Court, New Mani Nagar, Narolgam, Ahmedabad, Gujarat 382405","Closed ⋅ Opens 10 am Wed"
Ganesha Realtor,Real estate agent,5.0,(127),,"302, Gala Magnes, 380058, Safal Parisar Rd, South Bopal, Bopal, Ahmedabad, Gujarat 380058","Closed ⋅ Opens 10 am Wed"
Royal Space The Real Estate Store,Real estate agency,4.7,(13),"098250 50079","Off, Billionaire Street, Mumatpura, Ahmedabad, Gujarat 380054","Open ⋅ Closes 10 pm"
"DP Property's Real Estate Management - Best Property Dealer In Ahmedabad, Best Real Estate Agent In Ahmedabad",Real estate consultant,5.0,(12),,"Satellite near, Vastrapur Railway Station Rd, Anand dhara Society, Vejalpur, Ahmedabad, Gujarat 380051",
ğ— ğ—²ğ—¹ğ—±ğ—¶ ğ—£ğ—¿ğ—¼ğ—½ğ—²ğ—¿ğ˜ğ—¶ğ—²ğ˜€,Real estate consultant,4.9,(102),,"B 206, CELEBRATION CITY CENTER, Gala Gymkhana Rd, South, South Bopal, Bopal, Ahmedabad, Gujarat 380058","Closed â‹… Opens 10â€¯am Wed"
"PropRaise Realtors - Best Real Estate Agency in GIFT City, Ahmedabad, and Dubai",Real estate consultant,5.0,(10),,"Ganesh Glory 11, D-1103, Jagatpur Rd, Gota, Ahmedabad, Gujarat 382470","Closed ⋅ Opens 10 am Wed"
DotOn Properties Brokers & Services,Mortgage broker,5.0,(33),,"Shaligram Square, 107, Sarkhej - Gandhinagar Hwy, near Olive greens, Gota, Ahmedabad, Gujarat 382481","Closed ⋅ Opens 9 am Wed"
Dwarkesh Real Estate,Real estate agency,5.0,(11),"098989 16335","97/962,Ajanta Apartment Opp.Devrshi Complex,Tulip Bunglow Road, near Surdhara Circle, Thaltej, Ahmedabad, Gujarat 380054","Closed ⋅ Opens 11 am Wed"
Akshar Realtors,Real estate consultant,4.5,(31),,"104, Shilp Epitome, B/H Rajpath Club, Rajpath Rangoli Rd, near Pandit Dindayal Hall, Bodakdev, Ahmedabad, Gujarat 380054","Closed ⋅ Opens 10 am Wed"
Preleased Property | Anavrat Real Estate Advisors,Real estate agency,5.0,(47),,"Titanium Heights, A-1008, Corporate Rd, opp. Vodafone Tower, Prahlad Nagar, Ahmedabad, Gujarat 380015",
Darshana Real Estate,Real estate consultant,4.9,(21),"093282 45849","O, Sardar Vallabhbhai Patel Rd, Nagar, Shastrinagar, Naranpura, Ahmedabad, Gujarat 380013","Closed ⋅ Opens 10 am Wed"
Sovereign Realtors,Real estate agency,4.9,(16),,"1121-Shilp Epitome, near Infostretch, behind Rajpath Rangoli Road, Ahmedabad, Gujarat 380054","Closed ⋅ Opens 10 am Wed"
Amkay Properties,Real estate consultant,4.9,(35),"098242 21881","Near, Railway Overbridge, Shyam Hills, Digvijaynagar, New Ranip, Ahmedabad, Gujarat 382470","Closed ⋅ Opens 10 am Wed"
4 You Estate.,Real estate agent,5.0,(123),N/A,"First Floor, Satyam Complex, F/35, near balaji garden restaurant satellite, Jodhpur Village, Ahmedabad, Gujarat 380015","Closed ⋅ Opens 10 am Wed"
Sun Realty Real Estate | Premium Office & Showroom Consultant,Real estate agent,5.0,(55),,"607,Ganesh Glory,Jagatpur Road, Sarkhej - Gandhinagar Hwy, Ahmedabad, Gujarat 382470","Closed ⋅ Opens 10:30 am Wed"
PithadKrupa Real Estate & Investors,Real estate consultant,4.8,(26),"098982 08196","Pinecrest A, Godrej Garden City Rd, New Chamunda Society, Godrej Garden City, Chandkheda, Ahmedabad, Gujarat 382470","Closed ⋅ Opens 9 am Wed"
Aksharpurushottam Real Estate Broker,Industrial real estate agency,4.5,(16),,"Bethak, Bhagyoday Shopping Center, 5/B, Naroda Rd, nr. Bpcl Petrol Pump, Naroda, Ahmedabad, Gujarat 382330","Closed ⋅ Opens 9 am Wed Updated by this business 4 weeks ago"
The Real Realty,Real estate consultant,5.0,(40),"088666 05088","208, South Bopal Trade Centre, nr. Aaryan Gloria, Aaryan Gloria, South Bopal, Bopal, Ahmedabad, Gujarat 380058","Closed ⋅ Opens 10 am Wed"
"Warex Realtors - Warehouse on Rent, Industrial Space for Lease Ahmedabad, Gujarat",Real estate consultant,4.9,(79),,"706, Pinnacle Business Park, Corporate Rd, Garden, Prahlad Nagar, Ahmedabad, Gujarat 380015",
Top Space Management,Real estate consultant,5.0,(43),,"Shilp Epitome, 608, behind Rajpath Club, off Sindhubhavan Road, Bodakdev, Ahmedabad, Gujarat 380054","Closed ⋅ Opens 10 am Wed"
FACTUM REALTY,Real estate agency,5.0,(12),,"Iscon Emporio, 516, Jodhpur Cross Rd, near Star Bazaar, Satellite, Ahmedabad, Gujarat 380015","Open ⋅ Closes 7 am Wed"
New One Realtors,Real estate consultant,4.9,(16),"098246 67743","FF-7 Tirthbhumi complex, Dmart Rd, Nikol, Ahmedabad, Gujarat 382350","Closed ⋅ Opens 9 am Wed"
"Universal Property Exchange - Real Estate Broker In Bopal, Shilaj, Shela",Real estate consultant,5.0,(25),,"Ex, Aaynash, Opp Taj Hotel, Sindhubhavan, Road, near Divya Jyot School, Ahmedabad, Gujarat 380058","Closes soon ⋅ 9:30 pm ⋅ Opens 8:30 am Wed"
SHIV PROPERTY,Real estate agency,4.7,(35),N/A,"Shop No. 17, Raghuleela Residency, near PRANAMI BUNGALOWS, near Madhav International School, Odhav, Vastral, Ahmedabad, Gujarat 382418","Closed ⋅ Opens 10 am Wed"
Prince Realtor Real Estate Agent,Commercial real estate agency,4.9,(26),"081602 52103","207, Gala Magnus, Gala Gardenia, South Bopal, Bopal, Ahmedabad, Gujarat 380058","Closed ⋅ Opens 8 am Wed"
Swastik Property Solutions,Real estate agency,5.0,(23),,"205, Pushpam Complex, 100 Feet Anand Nagar Rd, opp. Seema Hall, Prahlad Nagar, Ahmedabad, Gujarat 380015","Closes soon ⋅ 9 pm ⋅ Opens 9 am Wed"
JAY SHREE KRISHNA REAL ESTATE & PROPERTIES MANAGEMENT,Real estate agent,5.0,(26),,"White Elegance, 19, near Raymond showroom, near South international school, Hanspura, Nava Naroda, Ahmedabad, Gujarat 382330","Closes soon ⋅ 9 pm ⋅ Opens 9 am Wed"
GRUH PROPERTIES,Real estate agent,4.9,(172),,"T-Junction, 804, One World West Iscon-Ambli, Sardar Patel Ring Rd, Bopal, Ahmedabad, Gujarat 380058","Closed ⋅ Opens 9:30 am Wed"
RB Realtors,Real estate agency,5.0,(14),,"Sun Atmosphere, 101, opp. CLUB O7, Shela, Ahmedabad, Gujarat 380058","Closed ⋅ Opens 10 am Wed"
DHAKAD ESTATE,Commercial real estate agency,5.0,(26),"095745 34024","18, A Naimesh Soc, Vejalpur, Vejalpur, Ahmedabad, Gujarat 380051","Open ⋅ Closes 10 pm"
Symmetry real estate,Real estate consultant,4.6,(11),,"FF 105 Vandematram fabula Near malabar county 1 Jagatpur road , sg highway Chharodi, Gota, Ahmedabad, Gujarat 382481","Closed ⋅ Opens 10 am Wed"
S.g.highway | Commercial Estate Agent In Ahmedabad by Monarch Associates,Commercial real estate agency,4.1,(14),,"H-510 Titanium City Centre, Near Sachin Towers,Anandnagar Prahaladnagar Road, Satellite, Ahmedabad, Gujarat 380015",
Ahmedabad Real Estate Guide,Real estate agency,5.0,(11),N/A,"4th floor, Binori B square, 3, Sindhubhavan Rd, Bodakdev, Ahmedabad, Gujarat 380059","Closed ⋅ Opens 9 am Wed"
"Jay Estate Management - Real Estate Consultant in Bopal, Ahmedabad",Real estate agency,4.5,(11),,"4, F/F, Samarpan Arcade Ambli Bopal, Junction, Sardar Patel Ring Rd, Ahmedabad, Gujarat 380058",
"Devraj Realtors - Real Estate , Bopal , Ahmedabad",Real estate agency,5.0,(3),,"Amrapali mall, 47, Bopal, Ahmedabad, Gujarat 380058","Closed ⋅ Opens 10 am Wed"
JUST CASA REALTOR,Real estate consultant,4.7,(27),,"319, Shivalik Satyamev Ambli, T junction, Bopal, Ahmedabad, Gujarat 380058","Closed ⋅ Opens 10 am Wed"
PROPERTY LUCKY ASSOCIATES - Real estate Interior Decor,Real estate agency,4.9,(185),,"&, Yes bank, 8, Ganga Niwas, New Link Rd, opp. Link House, near Chincholi Signal & Hanuman Mandir, Malad West, Mumbai, Maharashtra 400064",N/A
Deepak Chawla,Real estate agency,4.7,(68),"098100 05171","E-64, Greater Kailash Enclave I, Greater Kailash, New Delhi, Delhi 110048","Closes soon ⋅ 9 pm ⋅ Opens 9 am Wed Confirmed by this business 3 weeks ago"
"Yadav Properties - Best Property Dealers in Delhi, Real Estate Consultants",Industrial real estate agency,4.9,(519),,"H. No. 69, Lower Ground Floor, opposite Venkateshwra Clollege, Moti Bagh II, Satya Niketan, South Moti Bagh, New Delhi, Delhi 110021",
Royale Realtors India,Real estate agency,4.8,(42),,"19 DDA Market, Shanti Niketan, New Delhi, Delhi 110021",N/A
Rama Buildwell,Real estate agency,4.7,(220),"092124 43296","18A, behind AIIMS, Hardev Puri, Gautam Nagar, New Delhi, Delhi 110049","Open ⋅ Closes 10 pm"
Bhoomi Realty,Property management company,4.8,(201),,"Kaveri apartment 665, opposite Jims college, Pocket 6, Sector D, Vasant Kunj, New Delhi, Delhi 110070","Closes soon ⋅ 9 pm ⋅ Opens 9 am Wed"
Real Estate India,Real estate agency,4.0,(172),,"Metro Station Kirti Nagar, 33 & 33A Rama Road, Industrial Area, near Kirti Nagar, New Delhi, Delhi 110015","Closed ⋅ Opens 9:30 am Wed"
Ambiance real estate llp,Real estate agency,4.9,(161),"098108 00052","B 298/299, Vasant kunj Enclave, Nangal Dewat, Sector D, Vasant Kunj, New Delhi, Delhi 110070","Closed ⋅ Opens 10 am Wed"
Deepak Chawla,Real estate agency,5.0,(14),"098100 05171","F-71, BHAGAT SINGH MARKET, CONNAUGHT PLACE, NEW DELHI- 110001, New Delhi, Delhi 110001","Closes soon ⋅ 9 pm ⋅ Opens 9 am Wed"
Royal Siyaram estate,Real estate agent,5.0,(152),"098180 77956","e-125, Block E, Amar Colony, Lajpat Nagar, New Delhi, Delhi 110024","Open 24 hours"
Guru Mahadev Real Estate Pvt. Ltd.,Real Estate Builders & Construction Company,4.9,(897),,"Metro Pillar Number 750, B-16, Ground Floor near, Mansa Ram Park, New Delhi, Delhi 110059","Closed ⋅ Opens 9:30 am Wed Updated by this business 1 week ago"
Aggarwal Properties,Real estate agency,4.7,(271),"099530 73118","24 d, Squadron Leader Mohinder Kumar Jain Marg, near Father Agnel School, Gautam Nagar, New Delhi, Delhi 110049","Open 24 hours"
High Rise Realtors .,Real estate consultant,4.9,(77),"099993 66805","G-51, Block G, Pushkar Enclave, Paschim Vihar, New Delhi, Delhi, 110063","Closed ⋅ Opens 11 am Wed"
South Delhi Floors,Real estate agency,5.0,(128),"099990 04511","A-67, Amber Vithi Rd, Block A, Defence Colony, New Delhi, Delhi 110049",N/A
Chopra Properties,Real estate agency,4.9,(16),"098105 06264","E-105, Block E, Lajpat Nagar I, Lajpat Nagar, New Delhi, Delhi 110024","Open 24 hours"
PROPERTYYY.com Real Estate (Buy Sell Property in Auction),Real estate consultant,5.0,(108),,"PROPERTYYY.com, Real Estate Property Dealer Office, 1959, Dr Bhim Rao Ambedkar Marg, Block A, Malka Ganj, Delhi, 110007","Open 24 hours"
BEST PROPERTIES Real Estate consultant,Real estate agent,4.7,(120),,"101 UB Jawahar Nagar, Bunglow Road, Near Mc donald Kamla Nagar, Delhi, university, New Delhi, Delhi 110007","Open 24 hours"
Gupta Realtors,Real estate agency,4.8,(546),"099102 23322","Kothi no. 485 & 486, Sector 19, Pocket 1, Dwarka, Delhi, 110075","Closed ⋅ Opens 10 am Wed"
Inside Delhi - Property Consultants and Real Estate Marketing Company,Real estate consultant,4.7,(32),,"GTB nagar metro station, 55 FF Edward Lines, Kingsway Camp Near, Gate No. 4, Delhi, 110009","Closed ⋅ Opens 10 am Wed"
Girish Property dealer / agent commercial property only,Commercial real estate agency,4.3,(143),,"62, FARM BHAWAN, 13, Nehru Place, New Delhi, Delhi 110019","Closed ⋅ Opens 9 am Wed"
"Yadav Properties - Best Property Dealers in Delhi, Real Estate Consultants",Industrial real estate agency,4.9,(519),,"H. No. 69, Lower Ground Floor, opposite Venkateshwra Clollege, Moti Bagh II, Satya Niketan, South Moti Bagh, New Delhi, Delhi 110021",
Malhotra Estate | Property Dealer in Connaught Place,Real estate agent,5.0,(74),,"C - 25, 11, Middle Cir, Block C, Connaught Place, Delhi, New Delhi, Delhi 110001","Closed ⋅ Opens 10 am Wed Confirmed by this business 9 weeks ago"
Sahni Realtors and Developers,Real estate agency,4.8,(86),"093122 18193","Shop no 22, DDA Market Rd, Pocket 3, Mayur Vihar Phase I, Pocket 3, Mayur Vihar, New Delhi, Delhi, 110091","Closes soon ⋅ 9 pm ⋅ Opens 9 am Wed"
Shubh Laabh Real Estate,Real estate consultant,4.9,(66),N/A,"B-9, GD-ITL Tower, 109, Netaji Subhash Place, Pitampura, New Delhi, Delhi 110034","Closed ⋅ Opens 10 am Wed"
Ultra Realty Estates,Real estate consultant,4.9,(74),,"S514, S Swaran Singh Bhandari Marg, Greater Kailash-1, Block S, Greater Kailash I, Greater Kailash, New Delhi, Delhi 110048","Closed ⋅ Opens 10 am Wed"
Goswami Properties,Real estate consultant,4.9,(132),"099999 96451","bus stand, 124A/8C, main road, NRPC Colony, Block B, Katwaria Sarai, New Delhi, Delhi 110016","Closed ⋅ Opens 11 am Wed"
Girish Property dealer / agent commercial property only,Commercial real estate agency,4.3,(143),,"62, FARM BHAWAN, 13, Nehru Place, New Delhi, Delhi 110019","Closed ⋅ Opens 9 am Wed"
South Delhi Property,Real estate consultant,4.7,(15),,"B, 2, N Block, Greater Kailash I, New Delhi, Delhi 110048","Open ⋅ Closes 11 pm"
Guru Mahadev Real Estate Pvt. Ltd.,Real Estate Builders & Construction Company,4.9,(897),,"Metro Pillar Number 750, B-16, Ground Floor near, Mansa Ram Park, New Delhi, Delhi 110059","Closed ⋅ Opens 9:30 am Wed Updated by this business 1 week ago"
SGK Properties - Best Property Deal in Rajinder Nagar,Real estate rental agency,4.8,(37),,"18/2, LG Ground Floor, Bada Bazar Rd, Delhi, 110060","Closed ⋅ Opens 10 am Wed"
Prithvi Estates,Real estate consultant,4.5,(36),,"52, First Floor, District Centre, Omaxe Square, Jasola Vihar, New Delhi, Delhi 110025","Closed ⋅ Opens 9:30 am Wed"
Gupta Realtors,Real estate agency,4.8,(546),"099102 23322","Kothi no. 485 & 486, Sector 19, Pocket 1, Dwarka, Delhi, 110075","Closed ⋅ Opens 10 am Wed"
Inside Delhi - Property Consultants and Real Estate Marketing Company,Real estate consultant,4.7,(32),,"GTB nagar metro station, 55 FF Edward Lines, Kingsway Camp Near, Gate No. 4, Delhi, 110009","Closed ⋅ Opens 10 am Wed"
PROPERTYYY.com Real Estate (Buy Sell Property in Auction),Real estate consultant,5.0,(108),,"PROPERTYYY.com, Real Estate Property Dealer Office, 1959, Dr Bhim Rao Ambedkar Marg, Block A, Malka Ganj, Delhi, 110007","Open 24 hours"
House True Real Estate Services,Real estate agency,4.3,(35),,"G-30, Block G, Lajpat Nagar III, Lajpat Nagar, New Delhi, Delhi 110024","Closed ⋅ Opens 10 am Wed"
Book My Property (LLP),Real estate consultant,4.9,(153),,"CU Block, G2 Ground Floor, Aggarwal Arcade, Market, Pitampura, Delhi, New Delhi, Delhi 110088","Closed ⋅ Opens 10 am Wed Updated by phone call 6 weeks ago"
Sangam Properties,Real estate consultant,4.8,(112),"098719 62606","Gate No.5, A-10, opp. Lajpat Nagar Metro Station, Block A, Lajpat Nagar II, Lajpat Nagar, New Delhi, Delhi 110024","Closed ⋅ Opens 10 am Wed"
Real Estate India,Real estate agency,4.0,(172),,"Metro Station Kirti Nagar, 33 & 33A Rama Road, Industrial Area, near Kirti Nagar, New Delhi, Delhi 110015","Closed ⋅ Opens 9:30 am Wed"
ACE Real Estate,Real estate agency,5.0,(19),,"E-106, Greater Kailash Part 3, Masjid Moth, Greater Kailash, New Delhi, South Delhi, Delhi 110048","Closed ⋅ Opens 9:30 am Wed"
K S Associates,Real estate agency,5.0,(161),,"G-30, Ground Floor, Jungpura Extension, Delhi, 110014","Closed ⋅ Opens 10 am Wed"
Tanish Realestate,Real estate agency,4.7,(41),,"40, Main Chhatarpur Rd, Block A1, Asola, New Delhi, Delhi 110047","Closes soon ⋅ 9 pm ⋅ Opens 9 am Wed"
Chopra Properties,Real estate agency,4.9,(16),"098105 06264","E-105, Block E, Lajpat Nagar I, Lajpat Nagar, New Delhi, Delhi 110024","Open 24 hours"
Kapur Properties,Real estate agent,4.9,(21),"098102 31665","K- 31B ,Ground floor, Block L, Lajpat Nagar II, Lajpat Nagar, New Delhi, Delhi 110024","Closed ⋅ Opens 9 am Wed Confirmed by this business 10 weeks ago"
Sharma Properties,Real estate agency,4.8,(33),"098108 17237","Shop no. 33-D & 33-E South Patel Nagar Market Near Gate no. 6 Metro Station, Patel Nagar, New Delhi, Delhi 110008","Closed ⋅ Opens 10:30 am Wed"
Real Value,Real estate agency,5.0,(34),,"New Friends Colony, Delhi, New Delhi, Delhi 110025","Closed ⋅ Opens 10 am Wed"
KDR Properties Pvt Ltd,Real estate agency,4.7,(26),"098998 93333","B-6/10 Deer Park Road DDA Shopping Complex, Chaudhary Harsukh Marg, Safdarjung Enclave, New Delhi, Delhi 110029","Closed ⋅ Opens 11 am Wed"
Krivi Estate,Real estate agent,5.0,(12),,"2nd floor, opposite jvts garden, Block B, Chhatarpur Extension, Chhatarpur, New Delhi, Delhi 110074","Closes soon ⋅ 9 pm ⋅ Opens 9 am Wed"
Absolute Real Estate,Real estate consultant,4.9,(39),,"314, third Floor, RG Trade Tower, Netaji Subhash Place, Pitampura, New Delhi, Delhi, 110034","Closes soon ⋅ 9 pm ⋅ Opens 9 am Wed"
SheltOwn Real Estate Agent,Real estate agent,4.8,(49),,"H-B2, 3rd Floor, Chhatarpur Extension, New Delhi, Delhi 110074",N/A
Kaushish Properties,Real estate rental agency,4.9,(47),N/A,"74, Safdarjung Enclave, 120, opp. b6, Block B 7, Arjun Nagar, Safdarjung Enclave, New Delhi, Delhi 110029","Closed ⋅ Opens 10 am Wed"
Sharma Property Dealer,Real estate agency,4.7,(65),"011 4905 2932","1455/12 First Floor Shri Ram Market Gali Chippiyan, Nai Sarak, near Shiv mandir, Maliwara, Chandni Chowk, Delhi, 110006","Closed ⋅ Opens 11 am Wed"
Bharat Properties,Real estate agency,4.8,(35),"099992 91736","Guru Nanak Market, W.E.A, WEA, Karol Bagh, Delhi, 110005","Closes soon ⋅ 9 pm ⋅ Opens 9 am Wed"
Property Dealer in Karol Bagh,Real estate consultant,4.6,(117),,"14A, AB properties, Shop number 12 gurunanak market, 103, opposite to direction coaching centre, WEA, Karol Bagh, New Delhi, Delhi 110005","Closes soon ⋅ 9 pm ⋅ Opens 5 am Wed Updated by others 2 weeks ago"
South Delhi Floors,Real estate agency,5.0,(128),"099990 04511","A-67, Amber Vithi Rd, Block A, Defence Colony, New Delhi, Delhi 110049",N/A
GK Properties,Real estate consultant,5.0,(83),,"dda lsc market, a-4/14, near sakshra apartment, opp. bala ji hospital, Janta Flats, Block A 3, Shakshar Apartment, Paschim Vihar, Delhi, 110063","Closed ⋅ Opens 10 am Wed"
Majestic Estates,Real estate consultant,4.9,(277),"098115 27266","Shop No. P-19, Ground floor, Pandav Nagar, below Sagar Ratna Restaurant, opp. Fine Home Apartments, Mayur Vihar, Delhi, 110091","Closed ⋅ Opens 10:30 am Wed"
Levin Tom,Real estate agency,4.4,(14),,"D-57, Lower Ground Floor, near Ram Lal Anand College, Block A, Anand Niketan, New Delhi, Delhi 110021","Closed ⋅ Opens 9 am Wed Confirmed by this business 12 weeks ago"
Malik Estate Agents,Real estate agency,5.0,(18),,"Q-10, Block Q, Hauz Khas Enclave, Hauz Khas, New Delhi, Delhi 110016","Closed ⋅ Opens 9 am Wed"
Real Estate Destination,Real estate agency,5.0,(114),,"G-5, Aggarwal Square plot, 205, Gali Number 10, Dev Kunj, Block NZ, Sector 11 Dwarka, Dwarka, Delhi, 110075","Closed ⋅ Opens 10 am Wed"
XPRESS REALTORS,Real estate consultant,5.0,(15),,"180, ROSE APARTMENT, Sector 18B Rd, Sector 18, Sector 18A Dwarka, Dwarka, New Delhi, Delhi, 110078","Open 24 hours Confirmed by phone call 10 weeks ago"
Vasant Realtors : Property Dealer | Farm Houses | Real Estate Agent | Vasant Kunj,Real estate agency,5.0,(37),,"540, Kaveri Block, 6, D6, Sector D, Vasant Kunj, New Delhi, Delhi 110070","Closed ⋅ Opens 10 am Wed"
"Sukhdham Real Estate | Buy, Sell, Rent Property in South Delhi | 1,2,3,4 bhk flats, apartments, property",Real estate agent,4.6,(5),,"13/12, Shop No, G, 8, Malviya Nagar, New Delhi, Delhi 110017",
KALKA PROPERTY,Real estate consultant,4.8,(60),"088268 65546","Lila Ram Market, South Extension II, Block K, New Delhi, Delhi 110049","Closes soon ⋅ 9 pm ⋅ Opens 9 am Wed"
Karol bagh Property,Real estate agent,4.5,(265),,"12A/34, Saraswati Marg, near Hotel Apra Deluxe, Block 12A, WEA, Karol Bagh, New Delhi, Delhi, 110005","Closed ⋅ Opens 9 am Wed"
"Lakshita Property dealer Nehru Place property dealer south delhi property dealer near me ,Jasola,Okhla,CP, Noida, Gurgaon",Commercial real estate agency,4.8,(27),,"Nehru Place, New Delhi, Delhi 110019",
Gulshan Estate Agents Pvt. Ltd,Real estate agent,3.6,(31),,"C-115, Opp Defence Colony Flyover Market, Lajpat Nagar I, New Delhi, Delhi 110024","Closed ⋅ Opens 10 am Thu Updated by this business 5 days ago"
JK Estate Agency,Real estate agency,4.8,(15),"099100 41831","B, 45, Greater Kailash-1, C Block, Greater Kailash I, Greater Kailash, New Delhi, Delhi 110048","Closed ⋅ Opens 9 am Wed"
Vijay Real Estate-Best Property Dealer In Vasant Kunj-DDA Flat Dealer In Vasant Kunj-,Real estate consultant,5.0,(32),,"G-6/001 Block Ganga, 6, Sector D, Vasant Kunj, New Delhi, Delhi 110070",
Regal Property And Real Estate Private Limited,Real estate agency,5.0,(26),"095995 84386","PANDIT MOTI RAM MARKET, 14/21, D Block, Samalka, New Delhi, Delhi 110037",N/A
Royal Stone Realtors,Real estate agent,5.0,(2),N/A,"R-276 LGF, Block R, Greater Kailash I, Greater Kailash, New Delhi, Delhi 110048","Closed ⋅ Opens 9:30 am Wed"
SS Properties,Real estate consultant,4.3,(54),"098114 57568","Shop No-39A, J Pocket, Phase II, Sheikh Sarai, New Delhi, Delhi 110017","Closed ⋅ Opens 10 am Wed"
Preet Properties,Real estate agency,4.5,(13),"098111 79300","2527/61, Nalwa St, opp. Mother Dairy, near Hotel Vin-Inn, Bazar Sangatrashan, Chuna Mandi, Paharganj, New Delhi, Delhi 110055","Closed ⋅ Opens 10 am Wed"
Vasant Realtors : Property Dealer I Builder floor | Luxury Builder Floor | Greater Kailash South Delhi,Real estate consultant,4.9,(17),,"Plot no : 316, Greater Kailash-1, Block R, Defence Colony, Greater Kailash, New Delhi, Delhi 110024","Open 24 hours"
Walia Property Linkerrs,Real estate rental agency,4.9,(75),"099998 03450","Walia property linkerrs, WZ-884, Railway Road, Multani Mohalla, Rani Bagh, Shakurpur, Delhi, 110034","Open 24 hours"
Bansal Real Esstate,Real estate agency,5.0,(29),N/A,"G-1171, Sushant Lok-II, Block G, Block B1, Sector 57, Gurugram, Haryana 122002","Closed ⋅ Opens 10:32 am Wed Confirmed by this business 3 weeks ago"
Satyarthi Properties-Best Property Dealer In Vasant Kunj-D.D.A.Flats Dealer In Vasant Kunj.,Real estate agency,4.7,(32),,"Gate No 7, C.S.E. Market, Shop No 10-11, Sector B Rd, near Punjab National Bank, Pocket 1, Vasant Kunj, New Delhi, Delhi 110070",
Fair Deal Property Advisor - Patel Nagar Experts,Real estate agent,4.7,(30),,"3230, Hanuman Chowk, Block 7, Patel Nagar, Ranjeet Nagar, New Delhi, Delhi 110008","Closes soon ⋅ 9 pm ⋅ Opens 9 am Wed"
Sargam Consultants,Real estate agency,4.9,(16),"099100 17505","L-72D, DDA Flats, Saket, New Delhi, Delhi 110017",N/A
Dream house properties,Real estate agency,4.5,(54),"097114 92934","Block 14A, WEA, Karol Bagh, New Delhi, Delhi, 110005","Closed ⋅ Opens 10 am Wed"
"Arora Properties- F 94, Lajpat Nagar-II",Real estate rental agency,4.3,(18),,"F 94, F Block, Lajpat Nagar II, Lajpat Nagar, New Delhi, Delhi 110024","Closed ⋅ Opens 9 am Wed"
"Bhalla Properties - Renting, Sale Purchase & Consultant",Real estate consultant,4.3,(257),,"H-19,old double storey,lajpat nagar, New Delhi, Delhi 110024",N/A
MHL Realty - Nitin Property Dealer (NAREDCO Certified,Real estate consultant,4.7,(7),,"111, humayunpur safdarjung enclave, Delhi, 110029","Open 24 hours Confirmed by phone call 3 weeks ago"
Gagan Properties,Real estate agency,4.8,(44),"098103 11442","114, Gagandeep Building, Rajendra Place, New Delhi, Delhi 110008","Closed ⋅ Opens 10 am Wed"
South Delhi Homes,Real estate consultant,5.0,(17),,"W-12 Basement, Greater Kailash I, New Delhi, Delhi 110048","Open 24 hours"
Bhargava estates,Real estate agency,4.2,(5),,"gopal das building, Barakhamba Rd, Connaught Lane, Connaught Place, New Delhi, Delhi 110001","Closed ⋅ Opens 10 am Wed"
Realistic Realtors Pvt. Ltd.,Real estate agency,4.5,(15),,"4th Floor, Ambadeep Building, 410-411, 14, KG Marg, Connaught Place, New Delhi, Delhi 110001","Closed ⋅ Opens 9:30 am Wed"
N/A,N/A,N/A,N/A,N/A,N/A,N/A
Arora's Real Estate Agents,Office space rental agency,5.0,(2),"098110 71281","B 88, B Block, East of Kailash, New Delhi, Delhi 110065","Closed ⋅ Opens 10 am Wed"
Jain Estates Oncor International,Commercial real estate agency,4.0,(11),,"A 21, Sri Aurobindo Marg, Block A, Green Park Extension, Green Park, New Delhi, Delhi 110016","Closed ⋅ Opens 10 am Wed"
SHIV ASSOCIATES,Real estate agent,4.4,(110),,"G 211 Near Gurudwara, Sarita Vihar, New Delhi, Delhi 110076","Closed ⋅ Opens 10 am Wed"
Perfect Realtors,Real estate agency,5.0,(3),,"Shop No. 203 , II floor, Manish Twin Plaza, Plot -9, Sector 4, Dwarka, New Delhi, Delhi, 110075","Closed ⋅ Opens 9 am Wed"
prop solution,Real estate agency,5.0,(46),,"h-10 second floor, South Extension I, Block G, Delhi, New Delhi, Delhi 110049","Open 24 hours"
Harmeet Motors & Properties,Real estate agency,4.7,(34),"099110 08509","76, Mall Rd, GTB Nagar, New Delhi, Delhi, 110009","Closed ⋅ Opens 10 am Wed Confirmed by phone call 3 weeks ago"
Vikas Real Estate. Unit of Nangia Real Estate,Real estate consultant,4.8,(57),,"F-122,Block C-1 ,Vardhman market West Enclave, Pitampura, New Delhi, Delhi 110034","Closed ⋅ Opens 10:30 am Wed"
Nav Durge Properties,Real estate consultant,4.3,(34),,"T, Atta Chakki, 163, E/3, 163E, near Sai Baba Mandir, Khirki Extension, Malviya Nagar, New Delhi, Delhi 110017","Closed ⋅ Opens 9 am Wed Confirmed by this business 7 weeks ago"
Guru Kripa Gupta Properties & Builders,Real estate agency,4.9,(88),,"L-42, Block L, Shastri Nagar, Delhi, 110052","Closed ⋅ Opens 9 am Wed"
Dbg South Delhi Estate,Commercial real estate agency,4.2,(13),,"E-18 First floor, Hauz Khas, New Delhi, Delhi 110016",N/A
Bhatia Associates,Real estate agency,4.8,(16),"098999 69915","Plot No. 11A &11B, Block B1, Sewak Park, Uttam Nagar, New Delhi, Delhi, 110059","Closed ⋅ Opens 10 am Wed"
Realestate Realtors,Consultant,4.8,(5),,"10th floor, Aggarwal Cyber Plaza 1, 1009, Netaji Subhash Place, Pitampura, New Delhi, Delhi 110034",N/A
SK Dealer,Real estate agency,5.0,(25),,"51/33 , FIRST FLOOR, Old Rajinder Nagar, New Delhi, Delhi 110060","Closes soon ⋅ 9:30 pm ⋅ Opens 9:30 am Wed"
AB Properties,Real estate consultant,4.7,(19),N/A,"Shop No Shop Number 12, Maharana Pratap Rd, Market, Karol Bagh, New Delhi, Delhi 110005","Closes soon ⋅ 10 pm ⋅ Opens 8 am Wed"
Square Real Estate,Real estate agency,5.0,(9),"075420 43468","B6 Market, Safdarjung Enclave, Delhi 110029","Closed ⋅ Opens 9 am Wed"
Kathuria Properties,Real estate agency,5.0,(15),"098107 51507","A47, Block A, West Patel Nagar, Patel Nagar, New Delhi, Delhi, 110008","Closed ⋅ Opens 10 am Wed"
JSS REAL ESTATE AGENTS,Commercial real estate agency,5.0,(9),"093543 96132","Flat no 715, Indraparkash building, 21, Barakhamba Rd, Connaught Place, New Delhi, Delhi 110001","Open 24 hours"
Sethi Realtors,Real estate agency,5.0,N/A,,"Building no -20, Ground Floor, Club Rd, Punjabi Bagh, Extn, New Delhi, Delhi, 110026","Closed ⋅ Opens 10 am Wed"
Classic Real Estate,Real estate agency,4.0,(4),"098101 25896","19/250 Main Shivalik Road, Malviya Nagar, Near IDBI Bank, New Delhi, Delhi 110017","Closed ⋅ Opens 9:30 am Wed"
KR Property Dealers PVT LTD,Real estate consultant,4.8,(33),"096672 15163","104 B, Sufdarjung, Green Park, Arjun Nagar, South Delhi, New Delhi, Delhi 110029","Open 24 hours"
Bharat Realtors & Developers,Industrial real estate agency,4.9,(12),"088007 60926","B-123 B/123, Block B, Amar Colony, Lajpat Nagar, New Delhi, Delhi 110024","Closed ⋅ Opens 10 am Wed"
Aakash Associates,Real estate agent,4.5,(35),,"Pocket B, 4, Outer Ring Rd, Pocket 7, Sector 8B, Sector 8, Rohini, Delhi, 110086",N/A
South Delhi Prime,Real estate consultant,4.2,(6),,"W-98, Block W, W Block, Greater Kailash I, Greater Kailash, New Delhi, Delhi 110048","Closed ⋅ Opens 8 am Wed"
Bagri Properties associate,Real estate consultant,4.8,(33),N/A,"EA Block, Block RA, Inder Puri, New Delhi, Delhi 110012","Closed ⋅ Opens 10 am Wed"
Pabitra Realtors,Real estate agency,5.0,(5),,"UGF-Kanchenjunga Building, 18-Barakhamba Road, Connaught Place,, New Delhi, Delhi 110001","Closed ⋅ Opens 10 am Wed"
Matta Properties,Real estate agency,4.8,(39),,"15/5, Block 15, East Patel Nagar, Patel Nagar, New Delhi, Delhi, 110008","Closed ⋅ Opens 10 am Wed"
Mittal Co Properties,Real estate agency,5.0,N/A,"011 2371 4695","815, Naurang House, 21, Kasturba Gandhi Marg, Connaught Place, New Delhi, Delhi 110001","Closed ⋅ Opens 10 am Wed"
Rachit Bakshi,Real estate agent,5.0,(6),"098183 04666","I 13, Block I, Part 3, Lajpat Nagar, New Delhi, Delhi 110024","Closed ⋅ Opens 10:30 am Wed"
NSP PROPERTIES,Real estate agency,4.7,(7),,"Kaanha Estates , G-28 Aggarwal Cyber Plaza – 1, Netaji Subhash Place, New Delhi, Delhi 110034","Open 24 hours"
Amit Bhatia,Real estate agency,5.0,(86),N/A,"Metro Station, Level 2, Second Floor Bestech Centre Point, A Block Sushant Lok 1, (Near IFFCO Chowk, Gurugram, Haryana 122002","Closed ⋅ Opens 10 am Wed"
OM Real Estate,Industrial real estate agency,4.7,(30),"099104 13068","318, 1, Shivalaya Rd, Tyagi Mohalla, Block A1, Dr Ambedkar Colony, Chhatarpur, New Delhi, Delhi 110074","Closed ⋅ Opens 10 am Wed"
Anshu Properties,Real estate agency,4.8,(4),"097117 43343","Shop No. 2, 1, Block 1, Nehru Nagar, Lajpat Nagar, New Delhi, Delhi 110065","Closes soon ⋅ 10 pm ⋅ Opens 11 am Wed"
kushwaha property-Estate Agent In IP Extension-Property Dealer In Patparganj.,Real estate agent,4.9,(68),,"Office No-9, Ground Floor, A-27, Street Number 2, Madhu Vihar, I.P.Extension, Patparganj, Delhi, 110092",
Prestige Daffodils,Condominium complex,4.4,(12),,"99-27, Nargis Dutt Rd Pali Hill, Bandra West, Mumbai, Maharashtra 400050","Closed ⋅ Opens 9:30 am Wed"
Kalpataru Virtus,Real estate agency,3.7,(15),,,
Urban Space Realty,Real estate agency,4.8,(185),,"Raj Heights, C-103, Mahatma Gandhi Rd, near Vohra Colony, Kandivali West, Mumbai, Maharashtra 400067","Closed ⋅ Opens 10:30 am Wed"
Lotekar Realtors Pvt. Ltd. - Real Estate Expert,Real estate agency,4.9,(201),,"Astor Place Building, Shop No. 15, Charkop Chetan Chs Ltd, opp. Bhavishya Nidhi Bhvan, Plot No. 235, 90 Feet Rd, Charkop Sector 3, Kandivali West, Mumbai, Maharashtra 400067","True Space Advisory, Rachit Vora- Top And Best Real Estate Agents/ Brokers in Mumbai",Real estate agency,4.9,(167),,"Office no.1, Shatrunjay Giri Apartment, Kandivali, Ashok Nagar, Kandivali East, Mumbai, Maharashtra 400101",
Dream Properties,Real estate agent,4.8,"(1,099)",,"G4/G5 , Kalamandir, Off, Nehru Rd, behind dubashi playground, near petrol pump, Gujarati Society, Vile Parle East, Vile Parle, Mumbai, Maharashtra 400057","Closed ⋅ Opens 10 am Wed"
Sync Realty (Real Estate Agent in Mumbai),Real estate consultant,5.0,(55),,"Shop No.28, Garden Grove Complex Basil Grove CHS, next to New Witty School, Chikuwadi Borivali (West), Mumbai 400092, Mumbai, Maharashtra 400067","A and Z Realtors® Mindspace ,Malad west - best real estate property consultancy in Mumbai",Real estate consultant,4.9,(341),,"Office No 48, Ground Floor, 5RHP+JF8 Evershine Mall, New Link Rd, Malad, Mindspace, Malad West, Mumbai, Maharashtra 400064",N/A
PROPERTY LUCKY ASSOCIATES - Real estate Interior Decor,Real estate agency,4.9,(185),,"&, Yes bank, 8, Ganga Niwas, New Link Rd, opp. Link House, near Chincholi Signal & Hanuman Mandir, Malad West, Mumbai, Maharashtra 400064",N/A
Rajesh Realtors,Real estate agency,4.9,(35),,"Shop No. 14, A - Wing, Rock Avenue Plot D, Bandar Pakhadi Rd, near ICICI Bank, Hindustan Naka, Sai Nagar, Kandivali West, Mumbai, Maharashtra 400067","Closed ⋅ Opens 10 am Wed"
Lucky Real Estate,Real estate consultant,4.9,(155),,"shop Number 13, Bhoomi Park Phase 1, Bhoomi Park Rd, Malad, Jankalyan Nagar, Malad West, Mumbai, Maharashtra 400095",N/A
Exquisite Realtors - Property Developers & Consultants,Real estate agency,4.8,(5),,"B/4, Laxmi Apartment No. 2, M. G. Road, Kandivali (West), behind Patel Nagar, Mumbai, Maharashtra 400067","Closed ⋅ Opens 9:30 am Wed"
Property Finder Real Estate,Real estate agent,4.9,(99),,"Shop No. 9, Ground Floor, C Wing, Building No. 3 Deepanjali Co-operative Housing Society Limited Baf-Hira Nagar, Lower Kharodi, off Marve Road, Malad West, Mumbai, Maharashtra 400095",
Happy Homes - Mr. D Mehta Property Consultants & Brokers in Vile Parle Juhu,Real estate agency,4.9,(161),,"Unit no 1, florich apt, passage road, Laxmi Society, Navpada, Irla, Vile Parle West, Mumbai, Maharashtra 400056",
C D Estate Agency,Real estate agency,5.0,(45),,"Shop no 22, Vini Classic Building, CHSL, Mahatma Gandhi Rd, opp. RNA Royale Park, Kandivali, Maharashtra Nagar, W, Mumbai, Maharashtra 400067","Closed ⋅ Opens 10:30 am Wed"
MVP REALTY,Real estate consultant,4.9,(24),,"Shop No. D1, Swayam Bungalow, Blossom Bldg, K T Soni Marg, Mahavir Nagar, Pragati Society, Mahavir Nagar, Kandivali West, Mumbai, Maharashtra 400067","Closed ⋅ Opens 10 am Wed"
Nivom Realty | Real Estate Agency In Mumbai,Real estate consultant,4.8,(62),,"Shop No. 27, ground Floor, J 2 building, Wadala Truck Terminal, Sion, Mumbai, Maharashtra 400037","Closed ⋅ Opens 9 am Wed"
SHIVOM REAL ESTATE AGENCY,Real estate agency,4.9,(165),N/A,"Room.12,chawl No.1, adarsh nagar, shell colony road, railway station east, near Tilak Nagar, Kamgaar Nagar, Kurla, Mumbai, Maharashtra 400071","Closes soon ⋅ 9:30 pm ⋅ Opens 9 am Wed"
Dipesh H. Vora Estate Agent,Real estate agency,4.8,(80),"098215 18572","Shop Number. 5, Indumati Apartment, Shimpoli Rd, opp. Gokhale School, Gautam Nagar, Borivali West, Mumbai, Maharashtra 400092","Closed ⋅ Opens 10 am Wed"
Makwana Property I Commercial Shop office Rent & Sell In Kandivali I 1 BHK & 2 BHK Property Flat on Rent in Kandivali,Real estate agency,5.0,(28),,"Shop Number 6, Gaurav Garden Complex, DIVYA SRUSHTI, Building, Bander Pakhadi, Kandivali West, Mumbai, Maharashtra 400067",
Viishesh Realtors,Industrial real estate agency,5.0,(45),,"Office No 11 Ground Floor, Rajiv Gandhi Commercial Complex, opp. Ekta Nagar Road, Kandivali, Chatrapati Shivaji Raje Complex, Kandivali West, Mumbai, Maharashtra 400067","Closed ⋅ Opens 9 am Wed"
Eversmile Realtors,Real estate agent,4.8,(45),,"Shop No 6, Girdhar Apartment, Shimpoli Rd, Kastur Park, Borivali West, Mumbai, Maharashtra 400092","Closed ⋅ Opens 10 am Wed"
Exquisite Realtors - Property Developers & Consultants,Real estate agency,4.8,(5),,"B/4, Laxmi Apartment No. 2, M. G. Road, Kandivali (West), behind Patel Nagar, Mumbai, Maharashtra 400067","Closed ⋅ Opens 9:30 am Wed"
KHETAN ESTATE AGENCY,Real estate agency,4.7,(30),,"Shop no 178, Malad Shopping Center, Swami Vivekananda Rd, Malad, Vijaykar Wadi Industrial, Vijaykar Wadi, Malad West, Mumbai, Maharashtra 400064",
Dipesh H. Vora Estate Agent,Real estate agency,4.8,(80),"098215 18572","Shop Number. 5, Indumati Apartment, Shimpoli Rd, opp. Gokhale School, Gautam Nagar, Borivali West, Mumbai, Maharashtra 400092","Closed ⋅ Opens 10 am Wed"
Manish Ved Estate,Real estate agency,4.7,(36),,"Office No. 35, 1st Floor, BMC Retail Market, opp. Pheonix Hospital, off New Link Road, Chikoowadi, Borivali, Mumbai, Maharashtra 400092","Closed ⋅ Opens 10:30 am Wed"
MVP REALTY,Real estate consultant,4.9,(24),,"Shop No. D1, Swayam Bungalow, Blossom Bldg, K T Soni Marg, Mahavir Nagar, Pragati Society, Mahavir Nagar, Kandivali West, Mumbai, Maharashtra 400067","Closed ⋅ Opens 10 am Wed"
Alex realtor Pvt Ltd - Property Consultant in Mumbai,Real estate consultant,4.8,(15),,"10th Floor/1001, Dhukka Chambers, Poddar Rd, Malad, Malad East, Mumbai, Maharashtra 400097","Closed ⋅ Opens 10 am Wed"
Rajesh Realtors,Real estate agency,4.9,(35),,"Shop No. 14, A - Wing, Rock Avenue Plot D, Bandar Pakhadi Rd, near ICICI Bank, Hindustan Naka, Sai Nagar, Kandivali West, Mumbai, Maharashtra 400067","Closed ⋅ Opens 10 am Wed"
RK Mumbai Realtors,Real estate agency,4.5,(127),,"Shop 2B, Shalimar CHS, VM Bhargav Rd, Hasmukh Nagar, Santacruz (West), Mumbai, Maharashtra 400054","Closed ⋅ Opens 10:30 am Wed Updated by phone call 11 weeks ago"
C D Estate Agency,Real estate agency,5.0,(45),,"Shop no 22, Vini Classic Building, CHSL, Mahatma Gandhi Rd, opp. RNA Royale Park, Kandivali, Maharashtra Nagar, W, Mumbai, Maharashtra 400067","Closed ⋅ Opens 10:30 am Wed"
Shree Krishna Estate Agent,Real estate agent,4.8,(33),,"Shop No:6, KIRAN TOWER, P.G.Road, opp. Toyata Showroom, off New Link Road, Malad, Ekta Nagar, Malad West, Mumbai, Maharashtra 400064","Closed ⋅ Opens 10 am Wed"
Maruti Estate Agents,Real estate agency,4.9,(117),"098202 22158","Shop No. 14, Indraprastha Estate, Kandivali, MHADA Colony, Lokhandwala Twp, Kandivali East, Mumbai, Maharashtra 400101","Closed ⋅ Opens 10:30 am Wed"
B.K Estate Agent,Real estate agency,4.9,(70),N/A,"Shop No.1, Raj Niketan Building, Swami Vivekananda Rd, opp. Mahindra Garden, OPP, Mahindra Gardens, Unnat Nagar, Goregaon West, Mumbai, Maharashtra 400104","Closed ⋅ Opens 10 am Wed"
Balaji Estate Property Solutions-Best Estate Agent in Malad |Office&Flat Rent |PropertyConsultant Flat Sell&Buy Malad |Mumbai,Real estate consultant,4.8,(53),,"Shop No.4, Shiv Bhakti Apartment, Ahimsa Marg, off New Link Road, Malad, Chincholi Bunder, Malad West, Mumbai, Maharashtra 400064",
Happy Homes - Mr. D Mehta Property Consultants & Brokers in Vile Parle Juhu,Real estate agency,4.9,(161),,"Unit no 1, florich apt, passage road, Laxmi Society, Navpada, Irla, Vile Parle West, Mumbai, Maharashtra 400056",
Krishika Real Estate - Best Real Estate Agent in Kandivali (West),Real estate consultant,4.8,(12),N/A,"R.No.8, 1st Floor, Gurunanak Niwas, Iraniwadi Rd Number 3, opp. Sanskruti Apartment 2 Kailash Heights, Kandivali, Hemu Colony, Bhagat Colony, Kandivali West, Mumbai, Maharashtra 400067",N/A
Marck Realty,Real estate agency,4.5,(69),,"Unit No. 801, Accord Classic, Station Rd, Jay Prakash Nagar, Goregaon, Mumbai, Maharashtra 400063","Closed ⋅ Opens 10 am Wed"
"Sharma Estate Agency, Estate Agent, Estate Broker, property Agent, Property Consultant",Real estate agent,4.2,(26),,"F-003, 1st Floor, Shagun Arcade, General Arun Kumar Vaidya Marg, opp. HDFC Bank, Malad, Dindoshi, Goregaon, Mumbai, Maharashtra 400063",
Dreamz Realty Concept,Real estate agent,4.8,(55),"076666 56536","Shop no 7, Amisha bldg Charkop sec 8, kandivali West, RSC Rd Number 25, Kandivali, Sector 8, Mumbai, Maharashtra 400067","Closed ⋅ Opens 10 am Wed"
Real Properties,Real estate agent,4.9,(143),"090297 05337","Shop no. 20, Ground floor, Rustomjee Eaze Zone mall, Malad, Sunder Nagar, Malad West, Mumbai, Maharashtra 400064","Closed ⋅ Opens 9 am Wed"
Nivom Realty | Real Estate Agency In Mumbai,Real estate consultant,4.8,(62),,"Shop No. 27, ground Floor, J 2 building, Wadala Truck Terminal, Sion, Mumbai, Maharashtra 400037","Closed ⋅ Opens 9 am Wed"
DHAIRYA PROPERTIES,Real estate agency,4.8,(54),,"Shop No. 44, Whispering Palms Shopping Complex, Akurli Rd, Kandivali, Alika Nagar, Lokhandwala Twp, Kandivali East, Mumbai, Maharashtra 400101","Closed ⋅ Opens 10:30 am Wed"
Dedhia Estate Agency,Real estate agency,5.0,(2),,"Chawl, Mamleddarwadi, Ajugia House, 2H, Swami Vivekananda Rd, Malad, Navy Colony, Mamledarwadi, Malad W, Mumbai, Maharashtra 400064","Closed ⋅ Opens 9 am Wed"
Paras Panna Estate Agency,Real estate agency,5.0,(6),,"Rock Avenue Plot D, Shop No.1, D, Off, Bandar Pakhadi Rd, near ICICI Bank, Kandivali West, Mumbai, Maharashtra 400067","Closed ⋅ Opens 9 am Wed"
Lux Real Estate Consultant,Real estate agency,4.9,(50),N/A,"Ram nagar building no.6, Unnat Nagar 1, West, opp. Municipal school, Goregaon, Mumbai, Maharashtra 400104","Closed ⋅ Opens 10 am Wed"
Jigar Real Estate,Real estate agency,4.9,(170),"080822 01002","Shop No 1, Snehal Building, Carter Rd Number 5, Chinchpada, Borivali East, Mumbai, Maharashtra 400066","Closed ⋅ Opens 9 am Wed"
Propshop Realty,Real estate agent,4.4,(13),,"UMANG CHSL, A 001 /002, Mathuradas Road, next to SIDDHIVINAYAK MANDIR, Anand Nagar, Hemu Colony, Bhagat Colony, Kandivali West, Mumbai, Maharashtra 400067","Closed ⋅ Opens 10:30 am Wed Updated by this business 8 weeks ago"
Mumbai Realtors Private Limited,Real estate consultant,4.8,(46),,"Shop No. 5B, Ground Floor, 'D' Wing, Crystal Plaza, New Link Road, KL Walawalkar Marg, opp. Infiniti Mall, Andheri West, Mumbai, Maharashtra 400053","Closed ⋅ Opens 10:30 am Wed"
Makwana Property I Commercial Shop office Rent & Sell In Kandivali I 1 BHK & 2 BHK Property Flat on Rent in Kandivali,Real estate agency,5.0,(28),,"Shop Number 6, Gaurav Garden Complex, DIVYA SRUSHTI, Building, Bander Pakhadi, Kandivali West, Mumbai, Maharashtra 400067",
Premier Estates,Real estate consultant,5.0,(20),,"32-B, Shree Laxmi Vijay Industrial Estate, New Link Road,Laxmi Industrial, Estate, SAB TV Road, Suresh Nagar, Andheri West, Mumbai, Maharashtra 400053","Closed ⋅ Opens 10 am Wed"
"Tejasvi Realty-Desai Rakesh | Flats, Apartments, Villa, Office, Bungalow For Sale in Juhu",Real estate agent,4.9,(118),,"Swastik Plaza, V L, Vaikunthlal Mehta Rd, Yamuna Nagar, Nehru Nagar, Airport Area, Vile Parle West, Mumbai, Maharashtra 400049",
Dreams2Realty - Real Estate Agents Khar,Real estate agency,4.9,(56),,"Tharu House, 769/1, 4th Rd, Khar, Junction, Khar West, Mumbai, Maharashtra 400052","Closed ⋅ Opens 9:30 am Wed"
0.5% Brokerage only Real Estate Agent Kandivali,Real estate agency,5.0,N/A,,"no 3, Thakur International school, Atul Tower, 3, Abhijit Chs, Near, Near, Hemu Kalani Road, Mathuradas Road, extension, Irani Wadi, Kandivali West, Mumbai, Maharashtra 400067",Raheja Realty - Real Estate Consultant & Legal Expert in Mumbai,Real estate agency,4.4,(16),,"Flat.202-A Wing, Park Side-2,Raheja Estate, Kulupwadi Rd, Kulupwadi, Borivali East, near National Park, Mumbai, Maharashtra 400066",
One Realty - Real Estate Consultancy,Real estate agency,5.0,(40),,"Shop No 11, Crown Vasant Marvel, Western Express Hwy, Kandivali, Asha Nagar, Borivali East, Mumbai, Maharashtra 400066",
"RealtySpaces By Shree Properties - Best Real Estate Agent in Thakur Village, Kandivali East",Real estate agent,5.0,(65),,"Viceroy Court, 25, near Dominos Pizza & Natures Basket, Thakur Village, Kandivali East, Mumbai, Maharashtra 400101",N/A
R Properties - Best Real Estate Broker In Kandivali,Real estate agency,4.9,(8),N/A,"GOVARDHAN NAGAR, 18, opposite Boraspada Road, Dev Nagar, Kandivali West, Mumbai, Maharashtra 400067","Closed ⋅ Opens 10:30 am Wed"
Mamta Estate And Property Consultants,Real estate agent,4.4,(29),,"Shop No-8, Haridwar Apartments, Evershine Nagar, Malad West, Mumbai, Maharashtra 400064","Closed ⋅ Opens 9 am Wed"
Nandi Real estate,Real estate consultant,4.5,(22),,"SHAH ARCADE-2, Shop no 9, Rani Sati Marg, Malad East, Mumbai, Maharashtra 400097","Open 24 hours"
Siddhivinayak Real Estate,Real estate agency,4.4,(21),,"Shop Number 14,15, Bhoomi Park Phase 1, near Billabong International School, Malad, Jankalyan Nagar, Malad West, Mumbai, Maharashtra 400095","Closed ⋅ Opens 10 am Wed"
Salasar Realtor,Real estate agent,5.0,(33),N/A,"603, Gokul Vihar Rd, Kandivali, Thakur Complex, Kandivali East, Mumbai, Maharashtra 400101","Closed ⋅ Opens 10:30 am Wed"
Just Deal Properties - Best real estate agent/best property dealers/Agent In Mumbai,Real estate agency,4.8,(59),,"Shop no. 4, Habib compound, Next Habibiya Masjid, opp. Railway Station, Jogeshwari West, Mumbai, Maharashtra 400102",
Yogi Real Estate Agents,Real estate agency,4.6,(98),"098200 59002","Shop no. 08,Viceroy Court, Opp. Jain Temple, near Domino's Pizza, Thakur Village, Kandivali East, Mumbai, Maharashtra 400101","Closed ⋅ Opens 10 am Wed"
Shital Estate: Real Estate Agent,Real estate agency,4.3,(9),,"Shop No.13, Sai Raj Garden, Opp. Modi Park, Irani Wadi Road No.3, Kandivali West, Mumbai, Maharashtra 400067","Closed ⋅ Opens 9 am Wed"
SHIVOM REAL ESTATE AGENCY,Real estate agency,4.9,(165),N/A,"Room.12,chawl No.1, adarsh nagar, shell colony road, railway station east, near Tilak Nagar, Kamgaar Nagar, Kurla, Mumbai, Maharashtra 400071","Closes soon ⋅ 9:30 pm ⋅ Opens 9 am Wed"
LANDMARK REALTY,Real estate consultant,5.0,N/A,N/A,"527, Prestige Industrial Estate, Bawdi, Sundar Cross Ln, Orlem, Malad West, Mumbai, Maharashtra 400064","Closed ⋅ Opens 10 am Wed"
Raj Realty Solutions,Real estate agent,4.6,(27),"098679 68603","1107, EAZE ZONE, opp. Rustomjee Ozone, Malad, Sunder Nagar, Malad West, Mumbai, Maharashtra 400064","Closed ⋅ Opens 10:30 am Wed"
Accord Investments & Properties,Real estate agency,4.5,(17),,"Office 1 & 2, Cluster_mumbai Suburban_331 Wing-B, CLUSTER_MUMBAI SUBURBAN-331, Mahatma Gandhi Rd, Amrut Nagar, Kamala Nagar, Bhagat Colony, Kandivali West, Mumbai, Maharashtra 400067","Closed ⋅ Opens 10 am Wed"
Croma Enterprises - Real Estate Agent in Borivali,Real estate agent,4.7,(26),,"A-503, Mansarovar, Kandivali, Satya Nagar, Borivali West, Mumbai, Maharashtra 400092","Closed ⋅ Opens 10 am Wed"
SHREE PROPERTY,Real estate agency,4.9,(83),,"Shop No. 1, Geetanjali Apartment, Datta Mandir Rd, opp. Gaondev. Temple, Kandivali, Veena Sitar, Dahanukar Wadi, Kandivali West, Mumbai, Maharashtra 400067","Closed ⋅ Opens 10:30 am Wed"
First Realty,Real estate agency,4.9,(77),,"Madhuban CHS, BS Ambedkar Nagar, Chembur, Mumbai, Maharashtra 400088","Closed ⋅ Opens 9 am Wed Confirmed by phone call 11 weeks ago"
Chanda Real Estate,Real estate agent,4.9,(50),,"Shop No.1307, Gupta Kiran Kirana Stores, Bldg, Eastern Express Hwy, near Omkar Raga, Yashwanth Nagar, Chembur, Mumbai, Maharashtra 400071",
Vinayak Estate Agency,Real estate consultant,5.0,(6),"077159 16818","Shop No.1, Chinmay CHS, opp. Bank Of Baroda, Kandivali, Ashok Nagar, Kandivali East, Mumbai, Maharashtra 400101","Closed ⋅ Opens 10:30 am Wed"
Madanlal & Co. Estate Agents,Real estate agency,5.0,(4),"098201 37414","Shop No:8, Saraswati Darshan, Swami Vivekananda Rd, Malad West, Mumbai, Maharashtra 400064","Closed ⋅ Opens 10 am Wed"
Patel Estate Agency,Real Estate Builders & Construction Company,5.0,(2),,"11, Dwarkesh Apartment, Subhash Lane, opposite Mayur Talkies, Kandivali, Bhagat Colony, Kandivali West, Mumbai, Maharashtra 400067","Closed ⋅ Opens 10 am Wed"
FS Real Estate,Real estate agency,4.6,(34),,"FS Real Estate, Okaz Shopping Centre, A/31, Millat Nagar Rd, Andheri West, Mumbai, Maharashtra 400053","Closed ⋅ Opens 10:30 am Wed"
Modi Estate Agent,Real estate agency,4.5,(2),"096195 86555","Shop No.23, Sairaj Garden, Irani Wadi Road 3, Kandivali West, Mumbai, Maharashtra 400067","Closed ⋅ Opens 11 am Wed"
Find My Home Property ( Home/ flat/ Shop ),Commercial real estate agency,5.0,N/A,N/A,"M.D. Road, kapadiya Cottage Opp. Power House, Kandivali (East 2nd floor Shiv parvati building, Mumbai, Maharashtra 400101","Open ⋅ Closes 11 pm"
Sandhya Real Estate,Real estate agency,4.7,(60),,"705 /Jai Ambe chs Shell Colony Road, near Eastern Express Highway, Chembur, Mumbai, Maharashtra 400071","Closed ⋅ Opens 10 am Wed"
Sayla Estate Agency,Real estate agent,4.5,(34),,"Gate no.2, Sayla Estate Agency, Ambavi House, Ground Floor Azad Nagar Soc, 1, NS Mankikar Rd, Vile Parle, Mumbai, Maharashtra 400056","Closed ⋅ Opens 10:30 am Wed"
Shagun Property & Consultancy,Real estate consultant,4.9,(88),,"Bldg No 46, Shop No. SG-001, Ground Floor, Suprabhat Chs Ltd Next to Maharashtra Housing and Area Development Authority Gandhi Nagar, Kala Nagar, Bandra East, Mumbai, Maharashtra 400051",
"Manisha Enterprises - Real Estate Agent | Residential & Commercial Property Consultant Agency in Kandivali, Mumbai.",Real estate agent,5.0,(10),,"Shop Number 4, Gokul Avenue, opp. Jio Digital Life, Kandivali, Thakur Complex, Kandivali East, Mumbai, Maharashtra 400101",
Rajesh Real Estate Agency,Real estate agency,4.8,(180),,"Shankar Nagar 1 Building No 10 Manshanti Co -op Housing Society, Office No 03, Ground Floor Bendre Chowk, 1, Santacruz – Chembur Link Rd, Shell Colony, Sahakar Nagar, Chembur, Mumbai, Maharashtra 400071","Closed ⋅ Opens 10 am Wed"
SAMRAT ESTATE AGENCY,Real estate agency,5.0,(6),"098676 03223","1/ Salim Bhai Cottage, Goregaon Malad Link Road Goregaon East, Opposite Idris Compound, Next to Irani Well, Mumbai, Maharashtra 400063","Closed ⋅ Opens 11 am Wed"
Future Real Estate Mumbai,Real estate agency,4.9,(59),,"Office No. 203 Anurag Business Center, near Amar Cinema, Chembur, Mumbai, Maharashtra 400071",N/A
"Maimoon Realty - Real Estate Agent, Broker & Consultant",Real estate agency,5.0,(389),,"RETIWALA PREMISES, 44, Swami Vivekananda Rd, opp. KHIRA NAGAR, Bhim Wada, Santacruz (West), Mumbai, Maharashtra 400054","Closed ⋅ Opens 10 am Wed"
A2K Realtors,Real estate agency,5.0,(64),"086898 32250","Sec8,Near Turzenpoint, Ruby Tower, Shivshakti ,shop No 4 Sai Mangal, Kandivali West, Mumbai, Maharashtra 400067","Closed ⋅ Opens 10 am Wed"
JK Real Estate Agents(RERA REG),Real estate agency,4.8,(75),,"Shop no 2, Preeti CHS, Building no 7, 90 Feet Rd, near Durgaparmeshwari mandir, Pant Nagar, Ghatkopar East, Mumbai, Maharashtra 400075","Closed ⋅ Opens 9 am Wed"
Western Property Consultants - Real Estate Agent Mumbai | Property Advisors & Consultants | Real Estate Investments,Real estate consultant,4.9,(53),,"Shop no 3, 3A, Ozone Heights, Patel Estate Rd, opposite Iris Park Condominiums, opposite Amboli Police Station, B R Nagar, Jogeshwari West, Mumbai, Maharashtra 400102",
Mahavir Estate Agency,Real estate agency,4.5,(2),,"Shop No. 1, Sukan Apt, Mahatma Gandhi Cross Rd Number 3, opposite Saraswat Co-op Bank Ltd, Kandivali, Bhagat Colony, Kandivali West, Mumbai, Maharashtra 400067","Closed ⋅ Opens 10 am Wed"
Nirav Nalin Shah - Real Estate Agent,Real estate agency,4.9,(15),"098202 79917","Shop No.30, Raj Garden, Mahavir Nagar, Kandivali West, Mumbai, Maharashtra 400067","Closed ⋅ Opens 10 am Wed"
Jaipuria Estate Agency,Real estate agent,4.5,(13),"097695 03403","Corner Stone Building, Shop Number 8, Film City Road, near Dindoshi Bus Depot, Mumbai, Maharashtra 400097","Closed ⋅ Opens 10 am Wed"
R.R. Associates Estate Consultants,Real estate agent,4.8,(17),,"Shop No. 18, Nimbus Centre Raviraj Oberoi Complex, Vastu Lane, Off New Link Rd, near Empressa Hotel, Andheri West, Mumbai, Maharashtra 400053","Closed ⋅ Opens 10 am Wed"
Mikki's Real Estate,Real estate agency,4.8,(35),,"Andheri, Happy Home, Sai Baba Ln, near Tolani College, Madhukunj Society, Sher E Punjab Colony, Andheri East, Mumbai, Maharashtra 400093","Closed ⋅ Opens 11 am Wed"
Shree Laxmi Real Estate Consultants and Developers,Real estate agency,4.8,(27),,"Shop no.3, Manthan Plaza, Market, P and T Colony, Vakola, Santacruz East, Mumbai, Maharashtra 400055",
Vora Estate Consultant (Best Brokers In Kandivali East),Real estate consultant,4.7,(3),,"Shop No 3, Sushila Smruti Building, Ashok Chakravarti Rd, Kandivali, Ashok Nagar, Kandivali East, Mumbai, Maharashtra 400101","Closed ⋅ Opens 9 am Wed"
SPY Realtors - Estate Agents in Powai | Real Estate Broker | Property Agent | Kanakia Silicon Valley,Real estate agency,4.7,(75),,"Shop No. 285, Powai Plaza, Shop No. 285, 2nd floor, Hiranandani Gardens, Powai, Mumbai, Maharashtra 400076",
RATHOD ESTATE AGENCY,Real estate agency,5.0,(7),"093210 49835","k, sonal Industrial estate, Old, 20, New Link Rd, opposite बीकाजी फूड, Malad West, Mumbai, Maharashtra 400064","Closed ⋅ Opens 10 am Wed"
ZAD WORLD ESTATE,Real estate consultant,4.8,(137),,"443, Rajiv Gandhi Nagar, Santosh Nagar, Bandra West, Mumbai, Maharashtra 400050","Open 24 hours"
N/A,N/A,N/A,N/A,N/A,N/A,N/A
Space Realtors (I) Pvt Ltd,Real estate agency,4.8,(9),N/A,"204,AHCL HOMES, Shimpoli, Borivali West, Mumbai, Maharashtra 400092","Closed ⋅ Opens 10 am Wed"
Shreeji Estate -Top Real Estate |commercial flat broker |Best Property Dealer/Agent in Kandivali/Borivali,Real estate agent,3.9,(53),,"Kanakia Park II, Kandivali, Thakur Complex, Kandivali East, Mumbai, Maharashtra 400101",
Plexus Realtors,Real Estate Builders & Construction Company,4.9,(116),,"B-1 Shop No. 10&11, Gokuldham CHS Shanti Nagar, Mahakali Caves Rd, near Marol Depot, behind PINNACLE BUSINESS PARK, MIDC, Andheri East, Mumbai, Maharashtra 400093","Closed ⋅ Opens 10:30 am Wed"
Argya Realty (Kandivali) - Real Estate Agent / Property Dealer / Broker,Real estate consultant,4.0,(3),,"Shop No. 13, Fakhri Apartments, Mathuradas Road, Kandivali, Bohra Colony, Dahanukar Wadi, Kandivali West, Mumbai, Maharashtra 400067",
Perfect Estate Consultant - Best real estate agent in Malad,Real estate agent,4.3,(8),,"Domnic Colony Rd Number 1, Nagari Colony, Orlem, Dominic Colony, Malad West, Mumbai, Maharashtra 400064","Closed ⋅ Opens 10 am Wed"
Allwayn Estate & Property Consultants,Real estate agency,5.0,(2),,"Shop No-13, Atlanta Apartment, Malad, Evershine Nagar, Malad West, Mumbai, Maharashtra 400064","Closed ⋅ Opens 10 am Wed"
RIDDHI-SIDDHI PROPERTY POWAI CHANDIVALI Estate Agents Real Estate Broker Property Agent Property Dealers Consultant Veridian,Real estate agent,4.6,(87),,,
Divine Properties,Real estate agent,4.8,(56),,"Shop No.10, Cancer Pisces, Chs ltd, off Marve Road, behind Fire Station, Malad, Divya Park, Bafhira Nagar, Malad West, Mumbai, Maharashtra 400095","Closed ⋅ Opens 10:30 am Wed"
Asian Agency Real Estate Consultancy,Real estate agency,5.0,(66),,"Shop No. 10, Gandhi Sadan Building, New Nagardas Rd, Patel Wadi, Natwar Nagar, Andheri East, Mumbai, Maharashtra 400069","Closed ⋅ Opens 9:30 am Wed"
Sunstone Realtors,Real estate consultant,5.0,(11),,"Office no.64, Lokhandwala Complex Market, near High Point Restaurant, Swami Samarth Nagar, Lokhandwala Complex, Andheri West, Mumbai, Maharashtra 400053","Closed ⋅ Opens 10 am Wed"
SIDDHI REALTORS,Real estate agency,4.9,(60),,"Shop 263, 2st Floor, Powai Plaza, Hiranandani Gardens, Sainath Nagar, Powai, Mumbai, Maharashtra 400076","Closed ⋅ Opens 10 am Wed"
BEST PROPERTIES,Real estate agency,4.9,(33),,"Raj Nagar Rd, Gautam Nagar, Jogeshwari West, Mumbai, Maharashtra 400102","Closes soon ⋅ 10 pm ⋅ Opens 10:15 am Wed"
Arch Real Estate,Real estate agency,4.6,(7),,"Shop no 4, 1st floor, DPS ONE, Ashok Chakravarti Rd, Kandivali, Ashok Nagar, Kandivali East, Mumbai, Maharashtra 400101","Closed ⋅ Opens 10 am Wed"
Property Point real estate,Real estate consultant,4.5,(16),,"Shop No. 13, Shree Gokul Garden, New, Gokul Gagan Rd, opp. Videocon Tower Lane, Kandivali, Gayatri Nagar, Asha Nagar, Kandivali East, Mumbai, Maharashtra 400101","Closed ⋅ Opens 10 am Wed"
AV Properties,Real estate consultant,5.0,(3),N/A,"Ground Floor, Tushar Bunglow, next to Janseva Bank, Kandivali, Ashok Nagar, Kandivali East, Mumbai, Maharashtra 400101","Closed ⋅ Opens 10 am Wed"
Heritage Home Associates,Real estate agency,4.8,(16),,"Office No- 8, Manish Deep CHS, Building No. 19, B -Wing, Manish Nagar, Four Bungalows, Andheri West, Mumbai, Maharashtra 400053","Closed ⋅ Opens 10 am Wed"
Kiran Real Estate,Real estate agency,4.8,(8),"098192 63124","Shop No 2108 Ground Floor, Rustomjee Eaze Zone Mall, Malad, Sunder Nagar, Malad West, Mumbai, Maharashtra 400064","Closed ⋅ Opens 10 am Wed"
VR Associates-Real Estate Agent Firm at Powai and Chandivali,Real estate agent,4.9,(96),,"Office no. 3065, B-wing, Oberoi Garden Estate, Chandivali Farm Rd, Yadav Nagar, Chandivali, Powai, Mumbai, Maharashtra 400072",
Knox Realtors,Real estate agency,4.8,(9),,"Shop No.1, Eden Garden CHSL, Pawan Dham Marg, Mahavir Nagar, Kandivali West, Mumbai, Maharashtra 400062","Closed ⋅ Opens 9 am Wed"
MEHBOOB BHAI - property dealers in powai,Real estate agency,4.7,(111),,"Office no. 185, first floor, Galleria Shopping Mall, hiranandani garden, Hiranandani Gardens, Panchkutir Ganesh Nagar, Powai, Mumbai, Maharashtra 400076",Amol Real Estate,Real estate agency,4.9,(37),"098672 00102","Shop No.5, I C Colony, Borivali West, Mumbai, Maharashtra 400103","Closed ⋅ Opens 10 am Wed"
